{ "height":12,
 "layers":[
        {
         "data":[157, 158, 159, 160, 161, 162, 163, 164, 165, 166, 167, 168, 169, 170, 171, 172, 173, 174, 175, 176, 177, 157, 158, 159, 160, 161, 162, 163, 164, 165, 166, 167, 168, 169, 170, 171, 172, 173, 174, 175, 178, 179, 180, 181, 182, 183, 184, 185, 186, 187, 188, 189, 190, 191, 192, 193, 194, 195, 196, 197, 198, 178, 179, 180, 181, 182, 183, 184, 185, 186, 187, 188, 189, 190, 191, 192, 193, 194, 195, 196, 199, 200, 201, 202, 203, 204, 205, 206, 207, 208, 209, 210, 211, 212, 213, 214, 215, 216, 217, 218, 219, 199, 200, 201, 202, 203, 204, 205, 206, 207, 208, 209, 210, 211, 212, 213, 214, 215, 216, 217, 220, 221, 222, 223, 224, 225, 226, 227, 228, 229, 230, 231, 232, 233, 234, 235, 236, 237, 238, 239, 240, 220, 221, 222, 223, 224, 225, 226, 227, 228, 229, 230, 231, 232, 233, 234, 235, 236, 237, 238, 241, 242, 243, 244, 245, 246, 247, 248, 249, 250, 251, 252, 253, 254, 255, 256, 257, 258, 259, 260, 261, 241, 242, 243, 244, 245, 246, 247, 248, 249, 250, 251, 252, 253, 254, 255, 256, 257, 258, 259, 262, 263, 264, 265, 266, 267, 268, 269, 270, 271, 272, 273, 274, 275, 276, 277, 278, 279, 280, 281, 282, 262, 263, 264, 265, 266, 267, 268, 269, 270, 271, 272, 273, 274, 275, 276, 277, 278, 279, 280, 283, 284, 285, 286, 287, 288, 289, 290, 291, 292, 293, 294, 295, 296, 297, 298, 299, 300, 301, 302, 303, 283, 284, 285, 286, 287, 288, 289, 290, 291, 292, 293, 294, 295, 296, 297, 298, 299, 300, 301, 304, 305, 306, 307, 308, 309, 310, 311, 312, 313, 314, 315, 316, 317, 318, 319, 320, 321, 322, 323, 324, 304, 305, 306, 307, 308, 309, 310, 311, 312, 313, 314, 315, 316, 317, 318, 319, 320, 321, 322, 325, 326, 327, 328, 329, 330, 331, 332, 333, 334, 335, 336, 337, 338, 339, 340, 341, 342, 343, 344, 345, 325, 326, 327, 328, 329, 330, 331, 332, 333, 334, 335, 336, 337, 338, 339, 340, 341, 342, 343, 346, 347, 348, 349, 350, 351, 352, 353, 354, 355, 356, 357, 358, 359, 360, 361, 362, 363, 364, 365, 366, 346, 347, 348, 349, 350, 351, 352, 353, 354, 355, 356, 357, 358, 359, 360, 361, 362, 363, 364, 367, 368, 369, 370, 371, 372, 373, 374, 375, 376, 377, 378, 379, 380, 381, 382, 383, 384, 385, 386, 387, 367, 368, 369, 370, 371, 372, 373, 374, 375, 376, 377, 378, 379, 380, 381, 382, 383, 384, 385, 388, 389, 390, 391, 392, 393, 394, 395, 396, 397, 398, 399, 400, 401, 402, 403, 404, 405, 406, 407, 408, 388, 389, 390, 391, 392, 393, 394, 395, 396, 397, 398, 399, 400, 401, 402, 403, 404, 405, 406],
         "height":12,
         "name":"backgroundLayer",
         "opacity":1,
         "type":"tilelayer",
         "visible":true,
         "width":40,
         "x":0,
         "y":0
        }, 
        {
         "data":[0, 0, 0, 0, 0, 0, 0, 0, 0, 0, 0, 0, 0, 0, 0, 0, 0, 0, 0, 0, 0, 0, 0, 0, 0, 0, 0, 0, 0, 0, 0, 0, 0, 0, 0, 0, 0, 0, 0, 0, 0, 0, 0, 0, 0, 0, 0, 0, 0, 0, 26, 0, 0, 0, 0, 0, 26, 0, 0, 0, 0, 0, 0, 0, 0, 0, 0, 0, 0, 0, 0, 0, 0, 0, 0, 0, 0, 0, 0, 0, 0, 0, 0, 0, 0, 0, 0, 0, 0, 0, 0, 0, 0, 0, 0, 0, 0, 0, 0, 0, 0, 0, 0, 0, 0, 0, 0, 73, 73, 73, 0, 0, 0, 0, 0, 0, 0, 0, 0, 0, 73, 73, 73, 73, 73, 73, 0, 0, 0, 0, 0, 0, 0, 0, 0, 0, 0, 0, 0, 0, 73, 73, 73, 73, 0, 0, 0, 0, 0, 0, 0, 0, 140, 36, 36, 36, 36, 36, 142, 0, 0, 0, 0, 0, 0, 0, 0, 0, 0, 0, 0, 0, 0, 0, 0, 0, 0, 0, 0, 0, 0, 0, 0, 0, 0, 0, 0, 0, 0, 0, 0, 0, 0, 0, 0, 0, 0, 0, 0, 0, 0, 0, 0, 0, 0, 0, 0, 73, 73, 73, 73, 0, 0, 0, 0, 133, 0, 0, 0, 0, 0, 0, 0, 0, 0, 0, 155, 155, 155, 155, 155, 0, 0, 0, 0, 0, 0, 0, 0, 0, 0, 0, 0, 0, 0, 0, 0, 0, 0, 0, 0, 0, 0, 75, 62, 62, 62, 62, 51, 0, 155, 0, 0, 0, 0, 0, 0, 0, 0, 0, 0, 0, 0, 0, 0, 0, 0, 0, 0, 0, 0, 0, 0, 0, 0, 0, 0, 0, 0, 0, 0, 0, 0, 0, 0, 0, 0, 0, 0, 0, 155, 0, 0, 0, 0, 0, 0, 0, 0, 0, 0, 0, 0, 0, 0, 0, 0, 0, 0, 0, 0, 0, 0, 0, 0, 0, 0, 0, 0, 63, 62, 62, 39, 0, 0, 0, 0, 0, 0, 0, 155, 155, 155, 155, 155, 0, 0, 0, 0, 0, 0, 0, 0, 0, 0, 0, 0, 0, 0, 0, 0, 0, 0, 0, 0, 0, 0, 0, 0, 0, 0, 0, 0, 0, 0, 0, 0, 0, 0, 0, 0, 0, 0, 0, 0, 0, 36, 36, 36, 36, 36, 36, 36, 0, 0, 74, 74, 74, 74, 74, 75, 74, 74, 74, 74, 74, 74, 74, 51, 0, 0, 0, 0, 0, 0, 0, 0, 0, 0, 0, 0, 0, 0, 0, 0, 0, 0, 0, 0, 0, 0, 0, 0, 0, 0, 0, 0, 0, 0, 0, 0, 0, 0, 87, 87, 87, 0, 0, 0, 0, 0, 0, 0, 0, 0, 0, 0, 0, 0, 0, 0, 0, 0, 0, 0, 0, 139, 139, 139, 139, 139, 139, 139, 0, 0, 139, 139, 139, 151, 151],
         "height":12,
         "name":"collisionLayer",
         "opacity":1,
         "type":"tilelayer",
         "visible":true,
         "width":40,
         "x":0,
         "y":0
        }, 
        {
         "draworder":"topdown",
         "name":"objectsLayer",
         "objects":[
                {
                 "gid":147,
                 "height":35,
                 "id":1,
                 "name":"",
                 "properties":
                    {
                     "type":"player"
                    },
                 "propertytypes":
                    {
                     "type":"string"
                    },
                 "rotation":0,
                 "type":"",
                 "visible":true,
                 "width":35,
                 "x":38,
                 "y":103
                }, 
                {
                 "gid":148,
                 "height":35,
                 "id":2,
                 "name":"",
                 "properties":
                    {
                     "key":"goal",
                     "nextLevel":"level1",
                     "type":"goal"
                    },
                 "propertytypes":
                    {
                     "key":"string",
                     "nextLevel":"string",
                     "type":"string"
                    },
                 "rotation":0,
                 "type":"",
                 "visible":true,
                 "width":35,
                 "x":1282,
                 "y":283
                }, 
                {
                 "gid":146,
                 "height":35,
                 "id":3,
                 "name":"",
                 "properties":
                    {
                     "type":"enemy"
                    },
                 "propertytypes":
                    {
                     "type":"string"
                    },
                 "rotation":0,
                 "type":"",
                 "visible":true,
                 "width":35,
                 "x":293,
                 "y":171
                }, 
                {
                 "gid":146,
                 "height":35,
                 "id":4,
                 "name":"",
                 "properties":
                    {
                     "type":"enemy"
                    },
                 "propertytypes":
                    {
                     "type":"string"
                    },
                 "rotation":0,
                 "type":"",
                 "visible":true,
                 "width":35,
                 "x":221,
                 "y":339
                }, 
                {
                 "gid":146,
                 "height":35,
                 "id":5,
                 "name":"",
                 "properties":
                    {
                     "type":"enemy"
                    },
                 "propertytypes":
                    {
                     "type":"string"
                    },
                 "rotation":0,
                 "type":"",
                 "visible":true,
                 "width":35,
                 "x":590,
                 "y":205
                }, 
                {
                 "gid":146,
                 "height":35,
                 "id":6,
                 "name":"",
                 "properties":
                    {
                     "type":"enemy"
                    },
                 "propertytypes":
                    {
                     "type":"string"
                    },
                 "rotation":0,
                 "type":"",
                 "visible":true,
                 "width":35,
                 "x":716,
                 "y":100
                }, 
                {
                 "gid":146,
                 "height":35,
                 "id":7,
                 "name":"",
                 "properties":
                    {
                     "type":"enemy"
                    },
                 "propertytypes":
                    {
                     "type":"string"
                    },
                 "rotation":0,
                 "type":"",
                 "visible":true,
                 "width":35,
                 "x":988,
                 "y":66
                }, 
                {
                 "gid":146,
                 "height":35,
                 "id":8,
                 "name":"",
                 "properties":
                    {
                     "type":"enemy"
                    },
                 "propertytypes":
                    {
                     "type":"string"
                    },
                 "rotation":0,
                 "type":"",
                 "visible":true,
                 "width":35,
                 "x":799,
                 "y":274
                }, 
                {
                 "gid":146,
                 "height":35,
                 "id":9,
                 "name":"",
                 "properties":
                    {
                     "type":"enemy"
                    },
                 "propertytypes":
                    {
                     "type":"string"
                    },
                 "rotation":0,
                 "type":"",
                 "visible":true,
                 "width":35,
                 "x":968,
                 "y":170
                }, 
                {
                 "gid":146,
                 "height":35,
                 "id":10,
                 "name":"",
                 "properties":
                    {
                     "type":"enemy",
                     "velocity":"80"
                    },
                 "propertytypes":
                    {
                     "type":"string",
                     "velocity":"string"
                    },
                 "rotation":0,
                 "type":"",
                 "visible":true,
                 "width":35,
                 "x":1042,
                 "y":311
                }, 
                {
                 "gid":146,
                 "height":35,
                 "id":14,
                 "name":"",
                 "properties":
                    {
                     "type":"enemy"
                    },
                 "propertytypes":
                    {
                     "type":"string"
                    },
                 "rotation":0,
                 "type":"",
                 "visible":true,
                 "width":35,
                 "x":1215,
                 "y":95
                }, 
                {
                 "gid":97,
                 "height":35,
                 "id":16,
                 "name":"",
                 "properties":
                    {
                     "type":"coin"
                    },
                 "propertytypes":
                    {
                     "type":"string"
                    },
                 "rotation":0,
                 "type":"",
                 "visible":true,
                 "width":35,
                 "x":153.875,
                 "y":45.875
                }, 
                {
                 "gid":97,
                 "height":35,
                 "id":17,
                 "name":"",
                 "properties":
                    {
                     "type":"coin"
                    },
                 "propertytypes":
                    {
                     "type":"string"
                    },
                 "rotation":0,
                 "type":"",
                 "visible":true,
                 "width":35,
                 "x":27.125,
                 "y":45.125
                }, 
                {
                 "gid":97,
                 "height":35,
                 "id":18,
                 "name":"",
                 "properties":
                    {
                     "type":"coin"
                    },
                 "propertytypes":
                    {
                     "type":"string"
                    },
                 "rotation":0,
                 "type":"",
                 "visible":true,
                 "width":35,
                 "x":69.625,
                 "y":45.625
                }, 
                {
                 "gid":97,
                 "height":35,
                 "id":19,
                 "name":"",
                 "properties":
                    {
                     "type":"coin"
                    },
                 "propertytypes":
                    {
                     "type":"string"
                    },
                 "rotation":0,
                 "type":"",
                 "visible":true,
                 "width":35,
                 "x":111.375,
                 "y":45.375
                }, 
                {
                 "gid":97,
                 "height":35,
                 "id":20,
                 "name":"",
                 "properties":
                    {
                     "type":"coin"
                    },
                 "propertytypes":
                    {
                     "type":"string"
                    },
                 "rotation":0,
                 "type":"",
                 "visible":true,
                 "width":35,
                 "x":163.875,
                 "y":275.875
                }, 
                {
                 "gid":97,
                 "height":35,
                 "id":21,
                 "name":"",
                 "properties":
                    {
                     "type":"coin"
                    },
                 "propertytypes":
                    {
                     "type":"string"
                    },
                 "rotation":0,
                 "type":"",
                 "visible":true,
                 "width":35,
                 "x":37.125,
                 "y":275.125
                }, 
                {
                 "gid":97,
                 "height":35,
                 "id":22,
                 "name":"",
                 "properties":
                    {
                     "type":"coin"
                    },
                 "propertytypes":
                    {
                     "type":"string"
                    },
                 "rotation":0,
                 "type":"",
                 "visible":true,
                 "width":35,
                 "x":79.625,
                 "y":275.625
                }, 
                {
                 "gid":97,
                 "height":35,
                 "id":23,
                 "name":"",
                 "properties":
                    {
                     "type":"coin"
                    },
                 "propertytypes":
                    {
                     "type":"string"
                    },
                 "rotation":0,
                 "type":"",
                 "visible":true,
                 "width":35,
                 "x":121.375,
                 "y":275.375
                }, 
                {
                 "gid":97,
                 "height":35,
                 "id":24,
                 "name":"",
                 "properties":
                    {
                     "type":"coin"
                    },
                 "propertytypes":
                    {
                     "type":"string"
                    },
                 "rotation":0,
                 "type":"",
                 "visible":true,
                 "width":35,
                 "x":1064.88,
                 "y":249.875
                }, 
                {
                 "gid":97,
                 "height":35,
                 "id":25,
                 "name":"",
                 "properties":
                    {
                     "type":"coin"
                    },
                 "propertytypes":
                    {
                     "type":"string"
                    },
                 "rotation":0,
                 "type":"",
                 "visible":true,
                 "width":35,
                 "x":938.125,
                 "y":249.125
                }, 
                {
                 "gid":97,
                 "height":35,
                 "id":26,
                 "name":"",
                 "properties":
                    {
                     "type":"coin"
                    },
                 "propertytypes":
                    {
                     "type":"string"
                    },
                 "rotation":0,
                 "type":"",
                 "visible":true,
                 "width":35,
                 "x":980.625,
                 "y":249.625
                }, 
                {
                 "gid":97,
                 "height":35,
                 "id":27,
                 "name":"",
                 "properties":
                    {
                     "type":"coin"
                    },
                 "propertytypes":
                    {
                     "type":"string"
                    },
                 "rotation":0,
                 "type":"",
                 "visible":true,
                 "width":35,
                 "x":1022.38,
                 "y":249.375
                }, 
                {
                 "gid":97,
                 "height":35,
                 "id":28,
                 "name":"",
                 "properties":
                    {
                     "type":"coin"
                    },
                 "propertytypes":
                    {
                     "type":"string"
                    },
                 "rotation":0,
                 "type":"",
                 "visible":true,
                 "width":35,
                 "x":820.875,
                 "y":41.875
                }, 
                {
                 "gid":97,
                 "height":35,
                 "id":29,
                 "name":"",
                 "properties":
                    {
                     "type":"coin"
                    },
                 "propertytypes":
                    {
                     "type":"string"
                    },
                 "rotation":0,
                 "type":"",
                 "visible":true,
                 "width":35,
                 "x":694.125,
                 "y":41.125
                }, 
                {
                 "gid":97,
                 "height":35,
                 "id":30,
                 "name":"",
                 "properties":
                    {
                     "type":"coin"
                    },
                 "propertytypes":
                    {
                     "type":"string"
                    },
                 "rotation":0,
                 "type":"",
                 "visible":true,
                 "width":35,
                 "x":736.625,
                 "y":41.625
                }, 
                {
                 "gid":97,
                 "height":35,
                 "id":31,
                 "name":"",
                 "properties":
                    {
                     "type":"coin"
                    },
                 "propertytypes":
                    {
                     "type":"string"
                    },
                 "rotation":0,
                 "type":"",
                 "visible":true,
                 "width":35,
                 "x":778.375,
                 "y":41.375
                }],
         "opacity":1,
         "type":"objectgroup",
         "visible":true,
         "x":0,
         "y":0
        }],
 "nextobjectid":32,
 "orientation":"orthogonal",
 "renderorder":"right-down",
 "tiledversion":"1.0.3",
 "tileheight":35,
 "tilesets":[
        {
         "columns":12,
         "firstgid":1,
         "image":"..\/images\/tiles_spritesheet.png",
         "imageheight":468,
         "imagewidth":457,
         "margin":0,
         "name":"tiles_spritesheet",
         "spacing":1,
         "tilecount":156,
         "tileheight":35,
         "tilewidth":35
        }, 
        {
         "columns":21,
         "firstgid":157,
         "image":"..\/images\/420_ghost.png",
         "imageheight":420,
         "imagewidth":735,
         "margin":0,
         "name":"420_ghost",
         "spacing":0,
         "tilecount":252,
         "tileheight":35,
         "tilewidth":35
        }],
 "tilewidth":35,
 "type":"map",
 "version":1,
 "width":40
}