{ "height":12,
 "layers":[
        {
         "data":[157, 158, 159, 160, 161, 162, 163, 164, 165, 166, 167, 168, 169, 170, 171, 172, 173, 174, 175, 176, 177, 178, 179, 180, 157, 158, 159, 160, 161, 162, 163, 164, 165, 166, 167, 168, 169, 170, 171, 172, 181, 182, 183, 184, 185, 186, 187, 188, 189, 190, 191, 192, 193, 194, 195, 196, 197, 198, 199, 200, 201, 202, 203, 204, 181, 182, 183, 184, 185, 186, 187, 188, 189, 190, 191, 192, 193, 194, 195, 196, 205, 206, 207, 208, 209, 210, 211, 212, 213, 214, 215, 216, 217, 218, 219, 220, 221, 222, 223, 224, 225, 226, 227, 228, 205, 206, 207, 208, 209, 210, 211, 212, 213, 214, 215, 216, 217, 218, 219, 220, 229, 230, 231, 232, 233, 234, 235, 236, 237, 238, 239, 240, 241, 242, 243, 244, 245, 246, 247, 248, 249, 250, 251, 252, 229, 230, 231, 232, 233, 234, 235, 236, 237, 238, 239, 240, 241, 242, 243, 244, 253, 254, 255, 256, 257, 258, 259, 260, 261, 262, 263, 264, 265, 266, 267, 268, 269, 270, 271, 272, 273, 274, 275, 276, 253, 254, 255, 256, 257, 258, 259, 260, 261, 262, 263, 264, 265, 266, 267, 268, 277, 278, 279, 280, 281, 282, 283, 284, 285, 286, 287, 288, 289, 290, 291, 292, 293, 294, 295, 296, 297, 298, 299, 300, 277, 278, 279, 280, 281, 282, 283, 284, 285, 286, 287, 288, 289, 290, 291, 292, 301, 302, 303, 304, 305, 306, 307, 308, 309, 310, 311, 312, 313, 314, 315, 316, 317, 318, 319, 320, 321, 322, 323, 324, 301, 302, 303, 304, 305, 306, 307, 308, 309, 310, 311, 312, 313, 314, 315, 316, 325, 326, 327, 328, 329, 330, 331, 332, 333, 334, 335, 336, 337, 338, 339, 340, 341, 342, 343, 344, 345, 346, 347, 348, 325, 326, 327, 328, 329, 330, 331, 332, 333, 334, 335, 336, 337, 338, 339, 340, 349, 350, 351, 352, 353, 354, 355, 356, 357, 358, 359, 360, 361, 362, 363, 364, 365, 366, 367, 368, 369, 370, 371, 372, 349, 350, 351, 352, 353, 354, 355, 356, 357, 358, 359, 360, 361, 362, 363, 364, 373, 374, 375, 376, 377, 378, 379, 380, 381, 382, 383, 384, 385, 386, 387, 388, 389, 390, 391, 392, 393, 394, 395, 396, 373, 374, 375, 376, 377, 378, 379, 380, 381, 382, 383, 384, 385, 386, 387, 388, 397, 398, 399, 400, 401, 402, 403, 404, 405, 406, 407, 408, 409, 410, 411, 412, 413, 414, 415, 416, 417, 418, 419, 420, 397, 398, 399, 400, 401, 402, 403, 404, 405, 406, 407, 408, 409, 410, 411, 412, 421, 422, 423, 424, 425, 426, 427, 428, 429, 430, 431, 432, 433, 434, 435, 436, 437, 438, 439, 440, 441, 442, 443, 444, 421, 422, 423, 424, 425, 426, 427, 428, 429, 430, 431, 432, 433, 434, 435, 436],
         "height":12,
         "name":"backgroundLayer",
         "opacity":1,
         "type":"tilelayer",
         "visible":true,
         "width":40,
         "x":0,
         "y":0
        }, 
        {
         "data":[0, 0, 0, 0, 0, 0, 0, 0, 0, 0, 0, 0, 0, 0, 0, 0, 0, 0, 0, 0, 0, 0, 0, 0, 0, 0, 0, 0, 0, 0, 0, 0, 0, 0, 0, 0, 0, 0, 0, 0, 0, 0, 0, 0, 0, 0, 0, 0, 0, 0, 0, 0, 0, 0, 0, 0, 0, 0, 0, 0, 0, 0, 0, 0, 0, 0, 0, 0, 0, 0, 0, 0, 0, 0, 0, 0, 0, 0, 0, 144, 0, 0, 0, 0, 0, 0, 0, 0, 0, 0, 0, 0, 0, 0, 0, 0, 0, 0, 0, 0, 0, 0, 0, 0, 0, 0, 0, 0, 0, 0, 0, 0, 0, 0, 0, 0, 0, 0, 0, 156, 73, 73, 73, 73, 73, 73, 0, 0, 0, 0, 0, 0, 0, 0, 0, 0, 0, 0, 0, 0, 73, 73, 73, 73, 0, 0, 0, 0, 0, 0, 0, 0, 117, 92, 92, 92, 92, 92, 92, 92, 0, 0, 0, 0, 0, 0, 0, 0, 0, 0, 0, 0, 0, 0, 0, 0, 0, 0, 0, 0, 0, 0, 0, 0, 0, 0, 0, 0, 0, 0, 0, 0, 0, 0, 0, 0, 0, 0, 0, 0, 0, 0, 0, 0, 0, 0, 0, 73, 73, 73, 73, 0, 0, 0, 0, 0, 0, 0, 0, 0, 0, 0, 0, 0, 0, 0, 0, 73, 73, 73, 73, 0, 0, 0, 0, 0, 0, 0, 0, 0, 0, 0, 0, 0, 0, 0, 0, 0, 0, 0, 0, 0, 0, 101, 101, 101, 101, 101, 101, 0, 0, 0, 0, 0, 0, 0, 0, 0, 0, 0, 0, 0, 0, 0, 0, 0, 0, 0, 0, 0, 0, 0, 0, 0, 0, 0, 0, 0, 0, 0, 0, 0, 0, 0, 0, 0, 0, 0, 0, 0, 0, 0, 0, 0, 0, 0, 0, 0, 0, 0, 0, 0, 0, 0, 0, 0, 0, 0, 0, 0, 0, 0, 0, 0, 0, 0, 0, 0, 0, 113, 113, 113, 113, 0, 0, 0, 0, 0, 0, 0, 113, 113, 113, 113, 113, 0, 0, 0, 0, 0, 0, 0, 0, 0, 0, 0, 0, 0, 0, 0, 0, 0, 0, 0, 0, 0, 0, 0, 0, 0, 0, 0, 0, 0, 0, 0, 0, 0, 0, 0, 0, 0, 0, 0, 0, 0, 36, 36, 36, 36, 36, 36, 36, 0, 0, 114, 101, 101, 101, 90, 126, 101, 101, 101, 101, 101, 101, 102, 0, 0, 0, 0, 0, 0, 0, 0, 0, 0, 0, 0, 0, 0, 0, 0, 0, 0, 141, 153, 153, 153, 153, 153, 153, 0, 0, 0, 0, 0, 0, 0, 0, 0, 0, 0, 0, 0, 0, 0, 0, 0, 0, 0, 0, 0, 0, 0, 0, 0, 0, 0, 0, 0, 0, 0, 0, 0, 0, 0, 0, 0, 0, 0, 0, 0, 0, 0, 0, 0, 0, 0],
         "height":12,
         "name":"collisionLayer",
         "opacity":1,
         "type":"tilelayer",
         "visible":true,
         "width":40,
         "x":0,
         "y":0
        }, 
        {
         "draworder":"topdown",
         "name":"objectsLayer",
         "objects":[
                {
                 "gid":147,
                 "height":35,
                 "id":1,
                 "name":"",
                 "properties":
                    {
                     "type":"player"
                    },
                 "propertytypes":
                    {
                     "type":"string"
                    },
                 "rotation":0,
                 "type":"",
                 "visible":true,
                 "width":35,
                 "x":1143,
                 "y":94
                }, 
                {
                 "gid":148,
                 "height":35,
                 "id":2,
                 "name":"",
                 "properties":
                    {
                     "key":"goal",
                     "nextLevel":"level3",
                     "type":"goal"
                    },
                 "propertytypes":
                    {
                     "key":"string",
                     "nextLevel":"string",
                     "type":"string"
                    },
                 "rotation":0,
                 "type":"",
                 "visible":true,
                 "width":35,
                 "x":70,
                 "y":70
                }, 
                {
                 "gid":146,
                 "height":35,
                 "id":3,
                 "name":"",
                 "properties":
                    {
                     "type":"enemy"
                    },
                 "propertytypes":
                    {
                     "type":"string"
                    },
                 "rotation":0,
                 "type":"",
                 "visible":true,
                 "width":35,
                 "x":293,
                 "y":171
                }, 
                {
                 "gid":146,
                 "height":35,
                 "id":4,
                 "name":"",
                 "properties":
                    {
                     "type":"enemy"
                    },
                 "propertytypes":
                    {
                     "type":"string"
                    },
                 "rotation":0,
                 "type":"",
                 "visible":true,
                 "width":35,
                 "x":221,
                 "y":339
                }, 
                {
                 "gid":146,
                 "height":35,
                 "id":5,
                 "name":"",
                 "properties":
                    {
                     "type":"enemy"
                    },
                 "propertytypes":
                    {
                     "type":"string"
                    },
                 "rotation":0,
                 "type":"",
                 "visible":true,
                 "width":35,
                 "x":590,
                 "y":205
                }, 
                {
                 "gid":146,
                 "height":35,
                 "id":6,
                 "name":"",
                 "properties":
                    {
                     "type":"enemy"
                    },
                 "propertytypes":
                    {
                     "type":"string"
                    },
                 "rotation":0,
                 "type":"",
                 "visible":true,
                 "width":35,
                 "x":716,
                 "y":100
                }, 
                {
                 "gid":146,
                 "height":35,
                 "id":8,
                 "name":"",
                 "properties":
                    {
                     "type":"enemy"
                    },
                 "propertytypes":
                    {
                     "type":"string"
                    },
                 "rotation":0,
                 "type":"",
                 "visible":true,
                 "width":35,
                 "x":799,
                 "y":274
                }, 
                {
                 "gid":146,
                 "height":35,
                 "id":9,
                 "name":"",
                 "properties":
                    {
                     "type":"enemy"
                    },
                 "propertytypes":
                    {
                     "type":"string"
                    },
                 "rotation":0,
                 "type":"",
                 "visible":true,
                 "width":35,
                 "x":968,
                 "y":170
                }, 
                {
                 "gid":146,
                 "height":35,
                 "id":10,
                 "name":"",
                 "properties":
                    {
                     "type":"enemy",
                     "velocity":"80"
                    },
                 "propertytypes":
                    {
                     "type":"string",
                     "velocity":"string"
                    },
                 "rotation":0,
                 "type":"",
                 "visible":true,
                 "width":35,
                 "x":1042,
                 "y":311
                }, 
                {
                 "gid":97,
                 "height":35,
                 "id":11,
                 "name":"",
                 "properties":
                    {
                     "type":"coin"
                    },
                 "propertytypes":
                    {
                     "type":"string"
                    },
                 "rotation":0,
                 "type":"",
                 "visible":true,
                 "width":35,
                 "x":1248.88,
                 "y":36.875
                }, 
                {
                 "gid":97,
                 "height":35,
                 "id":12,
                 "name":"",
                 "properties":
                    {
                     "type":"coin"
                    },
                 "propertytypes":
                    {
                     "type":"string"
                    },
                 "rotation":0,
                 "type":"",
                 "visible":true,
                 "width":35,
                 "x":1122.13,
                 "y":36.125
                }, 
                {
                 "gid":97,
                 "height":35,
                 "id":13,
                 "name":"",
                 "properties":
                    {
                     "type":"coin"
                    },
                 "propertytypes":
                    {
                     "type":"string"
                    },
                 "rotation":0,
                 "type":"",
                 "visible":true,
                 "width":35,
                 "x":1164.63,
                 "y":36.625
                }, 
                {
                 "gid":97,
                 "height":35,
                 "id":14,
                 "name":"",
                 "properties":
                    {
                     "type":"coin"
                    },
                 "propertytypes":
                    {
                     "type":"string"
                    },
                 "rotation":0,
                 "type":"",
                 "visible":true,
                 "width":35,
                 "x":1206.38,
                 "y":36.375
                }, 
                {
                 "gid":97,
                 "height":35,
                 "id":15,
                 "name":"",
                 "properties":
                    {
                     "type":"coin"
                    },
                 "propertytypes":
                    {
                     "type":"string"
                    },
                 "rotation":0,
                 "type":"",
                 "visible":true,
                 "width":35,
                 "x":1357.88,
                 "y":251.875
                }, 
                {
                 "gid":97,
                 "height":35,
                 "id":16,
                 "name":"",
                 "properties":
                    {
                     "type":"coin"
                    },
                 "propertytypes":
                    {
                     "type":"string"
                    },
                 "rotation":0,
                 "type":"",
                 "visible":true,
                 "width":35,
                 "x":1231.13,
                 "y":251.125
                }, 
                {
                 "gid":97,
                 "height":35,
                 "id":17,
                 "name":"",
                 "properties":
                    {
                     "type":"coin"
                    },
                 "propertytypes":
                    {
                     "type":"string"
                    },
                 "rotation":0,
                 "type":"",
                 "visible":true,
                 "width":35,
                 "x":1273.63,
                 "y":251.625
                }, 
                {
                 "gid":97,
                 "height":35,
                 "id":18,
                 "name":"",
                 "properties":
                    {
                     "type":"coin"
                    },
                 "propertytypes":
                    {
                     "type":"string"
                    },
                 "rotation":0,
                 "type":"",
                 "visible":true,
                 "width":35,
                 "x":1315.38,
                 "y":251.375
                }, 
                {
                 "gid":97,
                 "height":35,
                 "id":19,
                 "name":"",
                 "properties":
                    {
                     "type":"coin"
                    },
                 "propertytypes":
                    {
                     "type":"string"
                    },
                 "rotation":0,
                 "type":"",
                 "visible":true,
                 "width":35,
                 "x":597.875,
                 "y":135.875
                }, 
                {
                 "gid":97,
                 "height":35,
                 "id":20,
                 "name":"",
                 "properties":
                    {
                     "type":"coin"
                    },
                 "propertytypes":
                    {
                     "type":"string"
                    },
                 "rotation":0,
                 "type":"",
                 "visible":true,
                 "width":35,
                 "x":471.125,
                 "y":135.125
                }, 
                {
                 "gid":97,
                 "height":35,
                 "id":21,
                 "name":"",
                 "properties":
                    {
                     "type":"coin"
                    },
                 "propertytypes":
                    {
                     "type":"string"
                    },
                 "rotation":0,
                 "type":"",
                 "visible":true,
                 "width":35,
                 "x":513.625,
                 "y":135.625
                }, 
                {
                 "gid":97,
                 "height":35,
                 "id":22,
                 "name":"",
                 "properties":
                    {
                     "type":"coin"
                    },
                 "propertytypes":
                    {
                     "type":"string"
                    },
                 "rotation":0,
                 "type":"",
                 "visible":true,
                 "width":35,
                 "x":555.375,
                 "y":135.375
                }, 
                {
                 "gid":97,
                 "height":35,
                 "id":23,
                 "name":"",
                 "properties":
                    {
                     "type":"coin"
                    },
                 "propertytypes":
                    {
                     "type":"string"
                    },
                 "rotation":0,
                 "type":"",
                 "visible":true,
                 "width":35,
                 "x":827.875,
                 "y":204.875
                }, 
                {
                 "gid":97,
                 "height":35,
                 "id":24,
                 "name":"",
                 "properties":
                    {
                     "type":"coin"
                    },
                 "propertytypes":
                    {
                     "type":"string"
                    },
                 "rotation":0,
                 "type":"",
                 "visible":true,
                 "width":35,
                 "x":701.125,
                 "y":204.125
                }, 
                {
                 "gid":97,
                 "height":35,
                 "id":25,
                 "name":"",
                 "properties":
                    {
                     "type":"coin"
                    },
                 "propertytypes":
                    {
                     "type":"string"
                    },
                 "rotation":0,
                 "type":"",
                 "visible":true,
                 "width":35,
                 "x":743.625,
                 "y":204.625
                }, 
                {
                 "gid":97,
                 "height":35,
                 "id":26,
                 "name":"",
                 "properties":
                    {
                     "type":"coin"
                    },
                 "propertytypes":
                    {
                     "type":"string"
                    },
                 "rotation":0,
                 "type":"",
                 "visible":true,
                 "width":35,
                 "x":785.375,
                 "y":204.375
                }, 
                {
                 "gid":97,
                 "height":35,
                 "id":27,
                 "name":"",
                 "properties":
                    {
                     "type":"coin"
                    },
                 "propertytypes":
                    {
                     "type":"string"
                    },
                 "rotation":0,
                 "type":"",
                 "visible":true,
                 "width":35,
                 "x":168.875,
                 "y":285.875
                }, 
                {
                 "gid":97,
                 "height":35,
                 "id":28,
                 "name":"",
                 "properties":
                    {
                     "type":"coin"
                    },
                 "propertytypes":
                    {
                     "type":"string"
                    },
                 "rotation":0,
                 "type":"",
                 "visible":true,
                 "width":35,
                 "x":42.125,
                 "y":285.125
                }, 
                {
                 "gid":97,
                 "height":35,
                 "id":29,
                 "name":"",
                 "properties":
                    {
                     "type":"coin"
                    },
                 "propertytypes":
                    {
                     "type":"string"
                    },
                 "rotation":0,
                 "type":"",
                 "visible":true,
                 "width":35,
                 "x":84.625,
                 "y":285.625
                }, 
                {
                 "gid":97,
                 "height":35,
                 "id":30,
                 "name":"",
                 "properties":
                    {
                     "type":"coin"
                    },
                 "propertytypes":
                    {
                     "type":"string"
                    },
                 "rotation":0,
                 "type":"",
                 "visible":true,
                 "width":35,
                 "x":126.375,
                 "y":285.375
                }],
         "opacity":1,
         "type":"objectgroup",
         "visible":true,
         "x":0,
         "y":0
        }],
 "nextobjectid":31,
 "orientation":"orthogonal",
 "renderorder":"right-down",
 "tiledversion":"1.0.3",
 "tileheight":35,
 "tilesets":[
        {
         "columns":12,
         "firstgid":1,
         "image":"..\/images\/tiles_spritesheet.png",
         "imageheight":468,
         "imagewidth":457,
         "margin":0,
         "name":"tiles_spritesheet",
         "spacing":1,
         "tilecount":156,
         "tileheight":35,
         "tilewidth":35
        }, 
        {
         "columns":24,
         "firstgid":157,
         "image":"..\/images\/420_iceland.png",
         "imageheight":420,
         "imagewidth":846,
         "margin":0,
         "name":"420_iceland",
         "spacing":0,
         "tilecount":288,
         "tileheight":35,
         "tilewidth":35
        }],
 "tilewidth":35,
 "type":"map",
 "version":1,
 "width":40
}